"bird_sp","bird_num","f_key","p_key"
h_cendre,3,uuid:37078f9f-87a1-404b-8892-51adac24dc69,uuid:37078f9f-87a1-404b-8892-51adac24dc69/intro_bird/bird_ipa[1]
g_aigrette,1,uuid:37078f9f-87a1-404b-8892-51adac24dc69,uuid:37078f9f-87a1-404b-8892-51adac24dc69/intro_bird/bird_ipa[2]
h_cendre,2,uuid:eff1d79a-ecf5-4b27-a846-a9ccef241050,uuid:eff1d79a-ecf5-4b27-a846-a9ccef241050/intro_bird/bird_ipa[1]
c_tuber,2,uuid:eff1d79a-ecf5-4b27-a846-a9ccef241050,uuid:eff1d79a-ecf5-4b27-a846-a9ccef241050/intro_bird/bird_ipa[2]
g_aigrette,1,uuid:eff1d79a-ecf5-4b27-a846-a9ccef241050,uuid:eff1d79a-ecf5-4b27-a846-a9ccef241050/intro_bird/bird_ipa[3]
cormo,4,uuid:554ec25a-bc4b-4dcc-bad2-11eabc9409c3,uuid:554ec25a-bc4b-4dcc-bad2-11eabc9409c3/intro_bird/bird_ipa[1]
h_cendre,3,uuid:554ec25a-bc4b-4dcc-bad2-11eabc9409c3,uuid:554ec25a-bc4b-4dcc-bad2-11eabc9409c3/intro_bird/bird_ipa[2]
g_aigrette,1,uuid:554ec25a-bc4b-4dcc-bad2-11eabc9409c3,uuid:554ec25a-bc4b-4dcc-bad2-11eabc9409c3/intro_bird/bird_ipa[3]
h_cendre,2,uuid:568687f5-ecaa-4ed9-bcee-0e021b457f7f,uuid:568687f5-ecaa-4ed9-bcee-0e021b457f7f/intro_bird/bird_ipa[1]
m_rieuse,62,uuid:568687f5-ecaa-4ed9-bcee-0e021b457f7f,uuid:568687f5-ecaa-4ed9-bcee-0e021b457f7f/intro_bird/bird_ipa[2]
"",,uuid:568687f5-ecaa-4ed9-bcee-0e021b457f7f,uuid:568687f5-ecaa-4ed9-bcee-0e021b457f7f/intro_bird/bird_ipa[3]
c_tuber,2,uuid:6d4af31e-41ed-4b40-97b8-e18849269f03,uuid:6d4af31e-41ed-4b40-97b8-e18849269f03/intro_bird/bird_ipa[1]
h_cendre,1,uuid:0111a974-d282-4dfc-9e12-d329cf34de41,uuid:0111a974-d282-4dfc-9e12-d329cf34de41/intro_bird/bird_ipa[1]
c_tuber,7,uuid:ce357092-e8ce-419c-bf5a-4b4726c35829,uuid:ce357092-e8ce-419c-bf5a-4b4726c35829/intro_bird/bird_ipa[1]
h_cendre,1,uuid:ce357092-e8ce-419c-bf5a-4b4726c35829,uuid:ce357092-e8ce-419c-bf5a-4b4726c35829/intro_bird/bird_ipa[2]
g_aigrette,2,uuid:fdea3585-8e2e-4fe4-beb8-9e4e47590c92,uuid:fdea3585-8e2e-4fe4-beb8-9e4e47590c92/intro_bird/bird_ipa[1]
c_tuber,1,uuid:fdea3585-8e2e-4fe4-beb8-9e4e47590c92,uuid:fdea3585-8e2e-4fe4-beb8-9e4e47590c92/intro_bird/bird_ipa[2]
g_aigrette,1,uuid:c3232ec7-8293-4b87-a62b-bd9aeb39d21f,uuid:c3232ec7-8293-4b87-a62b-bd9aeb39d21f/intro_bird/bird_ipa[1]
h_cendre,2,uuid:fc54b6aa-b3ad-4ac7-b1c3-1dd739fd6aa7,uuid:fc54b6aa-b3ad-4ac7-b1c3-1dd739fd6aa7/intro_bird/bird_ipa[1]
g_aigrette,1,uuid:fc54b6aa-b3ad-4ac7-b1c3-1dd739fd6aa7,uuid:fc54b6aa-b3ad-4ac7-b1c3-1dd739fd6aa7/intro_bird/bird_ipa[2]
c_tuber,6,uuid:fc54b6aa-b3ad-4ac7-b1c3-1dd739fd6aa7,uuid:fc54b6aa-b3ad-4ac7-b1c3-1dd739fd6aa7/intro_bird/bird_ipa[3]
"",,uuid:fc54b6aa-b3ad-4ac7-b1c3-1dd739fd6aa7,uuid:fc54b6aa-b3ad-4ac7-b1c3-1dd739fd6aa7/intro_bird/bird_ipa[4]
h_cendre,2,uuid:f5f2ad9e-5436-45de-9d7a-6f60f75eb028,uuid:f5f2ad9e-5436-45de-9d7a-6f60f75eb028/intro_bird/bird_ipa[1]
g_aigrette,1,uuid:f5f2ad9e-5436-45de-9d7a-6f60f75eb028,uuid:f5f2ad9e-5436-45de-9d7a-6f60f75eb028/intro_bird/bird_ipa[2]
c_tuber,6,uuid:f5f2ad9e-5436-45de-9d7a-6f60f75eb028,uuid:f5f2ad9e-5436-45de-9d7a-6f60f75eb028/intro_bird/bird_ipa[3]
h_cendre,3,uuid:633eb290-88f1-47ba-986c-094e121424c9,uuid:633eb290-88f1-47ba-986c-094e121424c9/intro_bird/bird_ipa[1]
g_aigrette,1,uuid:633eb290-88f1-47ba-986c-094e121424c9,uuid:633eb290-88f1-47ba-986c-094e121424c9/intro_bird/bird_ipa[2]
h_cendre,2,uuid:a803ac1a-b0f3-45dc-bde2-6515ff2444fa,uuid:a803ac1a-b0f3-45dc-bde2-6515ff2444fa/intro_bird/bird_ipa[1]
g_aigrette,1,uuid:a803ac1a-b0f3-45dc-bde2-6515ff2444fa,uuid:a803ac1a-b0f3-45dc-bde2-6515ff2444fa/intro_bird/bird_ipa[2]
m_rieuse,1,uuid:a803ac1a-b0f3-45dc-bde2-6515ff2444fa,uuid:a803ac1a-b0f3-45dc-bde2-6515ff2444fa/intro_bird/bird_ipa[3]
h_cendre,4,uuid:3002cc25-ab2c-4e58-a9ac-b922e9cd3924,uuid:3002cc25-ab2c-4e58-a9ac-b922e9cd3924/intro_bird/bird_ipa[1]
g_aigrette,1,uuid:3002cc25-ab2c-4e58-a9ac-b922e9cd3924,uuid:3002cc25-ab2c-4e58-a9ac-b922e9cd3924/intro_bird/bird_ipa[2]
c_tuber,14,uuid:613dab71-e5cc-4b33-a460-2d880f2258fc,uuid:613dab71-e5cc-4b33-a460-2d880f2258fc/intro_bird/bird_ipa[1]
h_cendre,3,uuid:613dab71-e5cc-4b33-a460-2d880f2258fc,uuid:613dab71-e5cc-4b33-a460-2d880f2258fc/intro_bird/bird_ipa[2]
g_aigrette,2,uuid:613dab71-e5cc-4b33-a460-2d880f2258fc,uuid:613dab71-e5cc-4b33-a460-2d880f2258fc/intro_bird/bird_ipa[3]
cormo,2,uuid:709be16d-e2c0-4f2b-96de-43da0a330203,uuid:709be16d-e2c0-4f2b-96de-43da0a330203/intro_bird/bird_ipa[1]
h_cendre,5,uuid:709be16d-e2c0-4f2b-96de-43da0a330203,uuid:709be16d-e2c0-4f2b-96de-43da0a330203/intro_bird/bird_ipa[2]
g_aigrette,2,uuid:709be16d-e2c0-4f2b-96de-43da0a330203,uuid:709be16d-e2c0-4f2b-96de-43da0a330203/intro_bird/bird_ipa[3]
c_tuber,1,uuid:709be16d-e2c0-4f2b-96de-43da0a330203,uuid:709be16d-e2c0-4f2b-96de-43da0a330203/intro_bird/bird_ipa[4]
h_cendre,4,uuid:3faf4fac-b61d-4f9b-9b88-b452ef800124,uuid:3faf4fac-b61d-4f9b-9b88-b452ef800124/intro_bird/bird_ipa[1]
g_aigrette,2,uuid:3faf4fac-b61d-4f9b-9b88-b452ef800124,uuid:3faf4fac-b61d-4f9b-9b88-b452ef800124/intro_bird/bird_ipa[2]
cormo,4,uuid:3faf4fac-b61d-4f9b-9b88-b452ef800124,uuid:3faf4fac-b61d-4f9b-9b88-b452ef800124/intro_bird/bird_ipa[3]
g_huppe,1,uuid:3faf4fac-b61d-4f9b-9b88-b452ef800124,uuid:3faf4fac-b61d-4f9b-9b88-b452ef800124/intro_bird/bird_ipa[4]
g_aigrette,1,uuid:028fc64d-c628-4af2-a91f-6ffd6f04460a,uuid:028fc64d-c628-4af2-a91f-6ffd6f04460a/intro_bird/bird_ipa[1]
h_cendre,1,uuid:028fc64d-c628-4af2-a91f-6ffd6f04460a,uuid:028fc64d-c628-4af2-a91f-6ffd6f04460a/intro_bird/bird_ipa[2]
h_cendre,2,uuid:5a265cd1-ff66-4706-b68d-eb08f3c51a31,uuid:5a265cd1-ff66-4706-b68d-eb08f3c51a31/intro_bird/bird_ipa[1]
g_aigrette,2,uuid:5a265cd1-ff66-4706-b68d-eb08f3c51a31,uuid:5a265cd1-ff66-4706-b68d-eb08f3c51a31/intro_bird/bird_ipa[2]
c_tuber,3,uuid:5a265cd1-ff66-4706-b68d-eb08f3c51a31,uuid:5a265cd1-ff66-4706-b68d-eb08f3c51a31/intro_bird/bird_ipa[3]
g_aigrette,1,uuid:10674411-cc59-445e-a2cc-81cd05c1e2dc,uuid:10674411-cc59-445e-a2cc-81cd05c1e2dc/intro_bird/bird_ipa[1]
h_cendre,3,uuid:10674411-cc59-445e-a2cc-81cd05c1e2dc,uuid:10674411-cc59-445e-a2cc-81cd05c1e2dc/intro_bird/bird_ipa[2]
c_tuber,2,uuid:10674411-cc59-445e-a2cc-81cd05c1e2dc,uuid:10674411-cc59-445e-a2cc-81cd05c1e2dc/intro_bird/bird_ipa[3]
g_aigrette,1,uuid:771a2fd6-8ace-4669-9c2c-819643c74b20,uuid:771a2fd6-8ace-4669-9c2c-819643c74b20/intro_bird/bird_ipa[1]
h_cendre,1,uuid:771a2fd6-8ace-4669-9c2c-819643c74b20,uuid:771a2fd6-8ace-4669-9c2c-819643c74b20/intro_bird/bird_ipa[2]
cormo,1,uuid:771a2fd6-8ace-4669-9c2c-819643c74b20,uuid:771a2fd6-8ace-4669-9c2c-819643c74b20/intro_bird/bird_ipa[3]
c_tuber,6,uuid:771a2fd6-8ace-4669-9c2c-819643c74b20,uuid:771a2fd6-8ace-4669-9c2c-819643c74b20/intro_bird/bird_ipa[4]
c_tuber,2,uuid:617c4c65-43c7-4dfd-adea-44e9b2dc2db5,uuid:617c4c65-43c7-4dfd-adea-44e9b2dc2db5/intro_bird/bird_ipa[1]
g_aigrette,1,uuid:617c4c65-43c7-4dfd-adea-44e9b2dc2db5,uuid:617c4c65-43c7-4dfd-adea-44e9b2dc2db5/intro_bird/bird_ipa[2]
h_cendre,2,uuid:8e851d3b-ba7b-4b09-97b3-cb50b32ef551,uuid:8e851d3b-ba7b-4b09-97b3-cb50b32ef551/intro_bird/bird_ipa[1]
cormo,2,uuid:8e851d3b-ba7b-4b09-97b3-cb50b32ef551,uuid:8e851d3b-ba7b-4b09-97b3-cb50b32ef551/intro_bird/bird_ipa[2]
cormo,25,uuid:5ad39db2-30e3-4358-8198-9ffa91392007,uuid:5ad39db2-30e3-4358-8198-9ffa91392007/intro_bird/bird_ipa[1]
g_aigrette,1,uuid:5ad39db2-30e3-4358-8198-9ffa91392007,uuid:5ad39db2-30e3-4358-8198-9ffa91392007/intro_bird/bird_ipa[2]
h_cendre,4,uuid:5ad39db2-30e3-4358-8198-9ffa91392007,uuid:5ad39db2-30e3-4358-8198-9ffa91392007/intro_bird/bird_ipa[3]
h_cendre,4,uuid:72e016e5-407e-405d-ba32-4df2e25398f0,uuid:72e016e5-407e-405d-ba32-4df2e25398f0/intro_bird/bird_ipa[1]
g_aigrette,1,uuid:72e016e5-407e-405d-ba32-4df2e25398f0,uuid:72e016e5-407e-405d-ba32-4df2e25398f0/intro_bird/bird_ipa[2]
c_blanche,3,uuid:72e016e5-407e-405d-ba32-4df2e25398f0,uuid:72e016e5-407e-405d-ba32-4df2e25398f0/intro_bird/bird_ipa[3]
cormo,4,uuid:72e016e5-407e-405d-ba32-4df2e25398f0,uuid:72e016e5-407e-405d-ba32-4df2e25398f0/intro_bird/bird_ipa[4]
h_cendre,3,uuid:e63e1709-8ff9-4adb-98de-ce7c935fffa6,uuid:e63e1709-8ff9-4adb-98de-ce7c935fffa6/intro_bird/bird_ipa[1]
c_tuber,172,uuid:db1b3adf-f95d-4fcb-a29a-d8e18ab626bf,uuid:db1b3adf-f95d-4fcb-a29a-d8e18ab626bf/intro_bird/bird_ipa[1]
g_aigrette,1,uuid:4356fd32-1a2b-4e94-a481-f8ff4bcc4b5b,uuid:4356fd32-1a2b-4e94-a481-f8ff4bcc4b5b/intro_bird/bird_ipa[1]
h_cendre,2,uuid:2dbbc0d3-ead3-4c15-bc11-5b3bc0c9534b,uuid:2dbbc0d3-ead3-4c15-bc11-5b3bc0c9534b/intro_bird/bird_ipa[1]
h_cendre,11,uuid:5fa827c9-b041-44a9-870a-81bca6a5a626,uuid:5fa827c9-b041-44a9-870a-81bca6a5a626/intro_bird/bird_ipa[1]
g_aigrette,4,uuid:5fa827c9-b041-44a9-870a-81bca6a5a626,uuid:5fa827c9-b041-44a9-870a-81bca6a5a626/intro_bird/bird_ipa[2]
cormo,14,uuid:5fa827c9-b041-44a9-870a-81bca6a5a626,uuid:5fa827c9-b041-44a9-870a-81bca6a5a626/intro_bird/bird_ipa[3]
c_tuber,2,uuid:5fa827c9-b041-44a9-870a-81bca6a5a626,uuid:5fa827c9-b041-44a9-870a-81bca6a5a626/intro_bird/bird_ipa[4]
g_huppe,111,uuid:67912a44-a518-446e-83b1-5c42a253776f,uuid:67912a44-a518-446e-83b1-5c42a253776f/intro_bird/bird_ipa[1]
m_rieuse,12,uuid:67912a44-a518-446e-83b1-5c42a253776f,uuid:67912a44-a518-446e-83b1-5c42a253776f/intro_bird/bird_ipa[2]
g_casta,3,uuid:67912a44-a518-446e-83b1-5c42a253776f,uuid:67912a44-a518-446e-83b1-5c42a253776f/intro_bird/bird_ipa[3]
cormo,2,uuid:67912a44-a518-446e-83b1-5c42a253776f,uuid:67912a44-a518-446e-83b1-5c42a253776f/intro_bird/bird_ipa[4]
h_cendre,13,uuid:67912a44-a518-446e-83b1-5c42a253776f,uuid:67912a44-a518-446e-83b1-5c42a253776f/intro_bird/bird_ipa[5]
g_aigrette,17,uuid:67912a44-a518-446e-83b1-5c42a253776f,uuid:67912a44-a518-446e-83b1-5c42a253776f/intro_bird/bird_ipa[6]
c_blanche,2,uuid:76695078-90d7-4f25-8f14-465feae0f853,uuid:76695078-90d7-4f25-8f14-465feae0f853/intro_bird/bird_ipa[1]
g_aigrette,12,uuid:76695078-90d7-4f25-8f14-465feae0f853,uuid:76695078-90d7-4f25-8f14-465feae0f853/intro_bird/bird_ipa[2]
h_cendre,10,uuid:76695078-90d7-4f25-8f14-465feae0f853,uuid:76695078-90d7-4f25-8f14-465feae0f853/intro_bird/bird_ipa[3]
cormo,40,uuid:76695078-90d7-4f25-8f14-465feae0f853,uuid:76695078-90d7-4f25-8f14-465feae0f853/intro_bird/bird_ipa[4]
m_rieuse,30,uuid:76695078-90d7-4f25-8f14-465feae0f853,uuid:76695078-90d7-4f25-8f14-465feae0f853/intro_bird/bird_ipa[5]
h_cendre,2,uuid:1fda66be-ab71-448d-ac63-05bb145b1717,uuid:1fda66be-ab71-448d-ac63-05bb145b1717/intro_bird/bird_ipa[1]
g_aigrette,1,uuid:1fda66be-ab71-448d-ac63-05bb145b1717,uuid:1fda66be-ab71-448d-ac63-05bb145b1717/intro_bird/bird_ipa[2]
h_cendre,4,uuid:21126b04-d3dc-459f-bed9-b2ef5431ef67,uuid:21126b04-d3dc-459f-bed9-b2ef5431ef67/intro_bird/bird_ipa[1]
g_aigrette,1,uuid:21126b04-d3dc-459f-bed9-b2ef5431ef67,uuid:21126b04-d3dc-459f-bed9-b2ef5431ef67/intro_bird/bird_ipa[2]
cormo,1,uuid:21126b04-d3dc-459f-bed9-b2ef5431ef67,uuid:21126b04-d3dc-459f-bed9-b2ef5431ef67/intro_bird/bird_ipa[3]
h_cendre,5,uuid:374369c3-0e7d-43f7-a730-4d8e9cd38f7d,uuid:374369c3-0e7d-43f7-a730-4d8e9cd38f7d/intro_bird/bird_ipa[1]
c_blanche,1,uuid:374369c3-0e7d-43f7-a730-4d8e9cd38f7d,uuid:374369c3-0e7d-43f7-a730-4d8e9cd38f7d/intro_bird/bird_ipa[2]
cormo,4,uuid:374369c3-0e7d-43f7-a730-4d8e9cd38f7d,uuid:374369c3-0e7d-43f7-a730-4d8e9cd38f7d/intro_bird/bird_ipa[3]
c_tuber,22,uuid:82ce88b3-d011-497e-9452-93119b229121,uuid:82ce88b3-d011-497e-9452-93119b229121/intro_bird/bird_ipa[1]
h_cendre,3,uuid:997df86b-aa1f-4998-9e39-64f66cc12ac4,uuid:997df86b-aa1f-4998-9e39-64f66cc12ac4/intro_bird/bird_ipa[1]
c_tuber,2,uuid:997df86b-aa1f-4998-9e39-64f66cc12ac4,uuid:997df86b-aa1f-4998-9e39-64f66cc12ac4/intro_bird/bird_ipa[2]
g_casta,1,uuid:1baa3212-b24f-4fa2-aa0f-1454bf90e5aa,uuid:1baa3212-b24f-4fa2-aa0f-1454bf90e5aa/intro_bird/bird_ipa[1]
g_aigrette,7,uuid:1baa3212-b24f-4fa2-aa0f-1454bf90e5aa,uuid:1baa3212-b24f-4fa2-aa0f-1454bf90e5aa/intro_bird/bird_ipa[2]
h_cendre,4,uuid:1baa3212-b24f-4fa2-aa0f-1454bf90e5aa,uuid:1baa3212-b24f-4fa2-aa0f-1454bf90e5aa/intro_bird/bird_ipa[3]
g_aigrette,1,uuid:c5fbb661-77cf-4db9-84d3-b92eb921a33f,uuid:c5fbb661-77cf-4db9-84d3-b92eb921a33f/intro_bird/bird_ipa[1]
h_cendre,1,uuid:c5fbb661-77cf-4db9-84d3-b92eb921a33f,uuid:c5fbb661-77cf-4db9-84d3-b92eb921a33f/intro_bird/bird_ipa[2]
cormo,1,uuid:dbeed739-d051-47fc-82ac-9f7209a38165,uuid:dbeed739-d051-47fc-82ac-9f7209a38165/intro_bird/bird_ipa[1]
c_tuber,1,uuid:dbeed739-d051-47fc-82ac-9f7209a38165,uuid:dbeed739-d051-47fc-82ac-9f7209a38165/intro_bird/bird_ipa[2]
h_cendre,12,uuid:dbeed739-d051-47fc-82ac-9f7209a38165,uuid:dbeed739-d051-47fc-82ac-9f7209a38165/intro_bird/bird_ipa[3]
g_aigrette,17,uuid:dbeed739-d051-47fc-82ac-9f7209a38165,uuid:dbeed739-d051-47fc-82ac-9f7209a38165/intro_bird/bird_ipa[4]
c_blanche,1,uuid:dbeed739-d051-47fc-82ac-9f7209a38165,uuid:dbeed739-d051-47fc-82ac-9f7209a38165/intro_bird/bird_ipa[5]
m_rieuse,47,uuid:dbeed739-d051-47fc-82ac-9f7209a38165,uuid:dbeed739-d051-47fc-82ac-9f7209a38165/intro_bird/bird_ipa[6]
"",,uuid:dbeed739-d051-47fc-82ac-9f7209a38165,uuid:dbeed739-d051-47fc-82ac-9f7209a38165/intro_bird/bird_ipa[7]
m_rieuse,3,uuid:2f7cf951-1e6c-4561-80a3-b5d2b9fa0a87,uuid:2f7cf951-1e6c-4561-80a3-b5d2b9fa0a87/intro_bird/bird_ipa[1]
h_cendre,3,uuid:2f7cf951-1e6c-4561-80a3-b5d2b9fa0a87,uuid:2f7cf951-1e6c-4561-80a3-b5d2b9fa0a87/intro_bird/bird_ipa[2]
g_aigrette,2,uuid:2f7cf951-1e6c-4561-80a3-b5d2b9fa0a87,uuid:2f7cf951-1e6c-4561-80a3-b5d2b9fa0a87/intro_bird/bird_ipa[3]
h_cendre,1,uuid:e794d97f-8ed0-462a-ad9c-0dab1b08b5bf,uuid:e794d97f-8ed0-462a-ad9c-0dab1b08b5bf/intro_bird/bird_ipa[1]
cormo,1,uuid:d4bc9f21-aa68-4285-97bf-bf98ea865623,uuid:d4bc9f21-aa68-4285-97bf-bf98ea865623/intro_bird/bird_ipa[1]
h_cendre,1,uuid:d4bc9f21-aa68-4285-97bf-bf98ea865623,uuid:d4bc9f21-aa68-4285-97bf-bf98ea865623/intro_bird/bird_ipa[2]
h_cendre,1,uuid:e57bc24e-3843-4164-b968-6e181863eaee,uuid:e57bc24e-3843-4164-b968-6e181863eaee/intro_bird/bird_ipa[1]
cormo,1,uuid:e57bc24e-3843-4164-b968-6e181863eaee,uuid:e57bc24e-3843-4164-b968-6e181863eaee/intro_bird/bird_ipa[2]
c_tuber,19,uuid:05b3c6d1-0b37-4774-a22e-6169a945e05d,uuid:05b3c6d1-0b37-4774-a22e-6169a945e05d/intro_bird/bird_ipa[1]
h_cendre,16,uuid:05b3c6d1-0b37-4774-a22e-6169a945e05d,uuid:05b3c6d1-0b37-4774-a22e-6169a945e05d/intro_bird/bird_ipa[2]
g_aigrette,2,uuid:05b3c6d1-0b37-4774-a22e-6169a945e05d,uuid:05b3c6d1-0b37-4774-a22e-6169a945e05d/intro_bird/bird_ipa[3]
cormo,1,uuid:05b3c6d1-0b37-4774-a22e-6169a945e05d,uuid:05b3c6d1-0b37-4774-a22e-6169a945e05d/intro_bird/bird_ipa[4]
c_tuber,46,uuid:37647fae-cde9-46ed-a788-9c18cdaeabdd,uuid:37647fae-cde9-46ed-a788-9c18cdaeabdd/intro_bird/bird_ipa[1]
cormo,1,uuid:37647fae-cde9-46ed-a788-9c18cdaeabdd,uuid:37647fae-cde9-46ed-a788-9c18cdaeabdd/intro_bird/bird_ipa[2]
c_tuber,181,uuid:98567606-3c85-4364-ae96-03093574c216,uuid:98567606-3c85-4364-ae96-03093574c216/intro_bird/bird_ipa[1]
h_cendre,2,uuid:98567606-3c85-4364-ae96-03093574c216,uuid:98567606-3c85-4364-ae96-03093574c216/intro_bird/bird_ipa[2]
cormo,1,uuid:98567606-3c85-4364-ae96-03093574c216,uuid:98567606-3c85-4364-ae96-03093574c216/intro_bird/bird_ipa[3]
h_cendre,5,uuid:3a1460e9-1560-44f9-ac95-6905305655ef,uuid:3a1460e9-1560-44f9-ac95-6905305655ef/intro_bird/bird_ipa[1]
g_aigrette,1,uuid:3a1460e9-1560-44f9-ac95-6905305655ef,uuid:3a1460e9-1560-44f9-ac95-6905305655ef/intro_bird/bird_ipa[2]
cormo,1,uuid:3a1460e9-1560-44f9-ac95-6905305655ef,uuid:3a1460e9-1560-44f9-ac95-6905305655ef/intro_bird/bird_ipa[3]
h_cendre,1,uuid:ab9dbe1a-9e6d-4288-ba31-b4e3726f5480,uuid:ab9dbe1a-9e6d-4288-ba31-b4e3726f5480/intro_bird/bird_ipa[1]
g_aigrette,44,uuid:1b585263-0262-447c-bac7-292fff9d6b47,uuid:1b585263-0262-447c-bac7-292fff9d6b47/intro_bird/bird_ipa[1]
c_tuber,26,uuid:1b585263-0262-447c-bac7-292fff9d6b47,uuid:1b585263-0262-447c-bac7-292fff9d6b47/intro_bird/bird_ipa[2]
h_cendre,9,uuid:1b585263-0262-447c-bac7-292fff9d6b47,uuid:1b585263-0262-447c-bac7-292fff9d6b47/intro_bird/bird_ipa[3]
m_rieuse,20,uuid:1b585263-0262-447c-bac7-292fff9d6b47,uuid:1b585263-0262-447c-bac7-292fff9d6b47/intro_bird/bird_ipa[4]
c_tuber,2,uuid:3130d377-e762-42ab-b073-34907baabc27,uuid:3130d377-e762-42ab-b073-34907baabc27/intro_bird/bird_ipa[1]
h_cendre,1,uuid:3130d377-e762-42ab-b073-34907baabc27,uuid:3130d377-e762-42ab-b073-34907baabc27/intro_bird/bird_ipa[2]
h_cendre,1,uuid:3d9a432a-5aa3-492c-b2ab-a310b3807016,uuid:3d9a432a-5aa3-492c-b2ab-a310b3807016/intro_bird/bird_ipa[1]
c_tuber,39,uuid:68f36b60-305f-46e6-9f01-f77a6e3852c5,uuid:68f36b60-305f-46e6-9f01-f77a6e3852c5/intro_bird/bird_ipa[1]
cormo,2,uuid:68f36b60-305f-46e6-9f01-f77a6e3852c5,uuid:68f36b60-305f-46e6-9f01-f77a6e3852c5/intro_bird/bird_ipa[2]
h_cendre,2,uuid:68f36b60-305f-46e6-9f01-f77a6e3852c5,uuid:68f36b60-305f-46e6-9f01-f77a6e3852c5/intro_bird/bird_ipa[3]
g_aigrette,1,uuid:8deee431-d32a-46a8-8037-bf851fb90674,uuid:8deee431-d32a-46a8-8037-bf851fb90674/intro_bird/bird_ipa[1]
h_cendre,1,uuid:8deee431-d32a-46a8-8037-bf851fb90674,uuid:8deee431-d32a-46a8-8037-bf851fb90674/intro_bird/bird_ipa[2]
g_huppe,14,uuid:8deee431-d32a-46a8-8037-bf851fb90674,uuid:8deee431-d32a-46a8-8037-bf851fb90674/intro_bird/bird_ipa[3]
cormo,2,uuid:8deee431-d32a-46a8-8037-bf851fb90674,uuid:8deee431-d32a-46a8-8037-bf851fb90674/intro_bird/bird_ipa[4]
g_casta,1,uuid:8deee431-d32a-46a8-8037-bf851fb90674,uuid:8deee431-d32a-46a8-8037-bf851fb90674/intro_bird/bird_ipa[5]
g_aigrette,1,uuid:8d5a268e-b4c3-4afa-a230-3ffc4db2f732,uuid:8d5a268e-b4c3-4afa-a230-3ffc4db2f732/intro_bird/bird_ipa[1]
h_cendre,1,uuid:ec3064ee-ada3-4288-917c-4691796260f7,uuid:ec3064ee-ada3-4288-917c-4691796260f7/intro_bird/bird_ipa[1]
g_aigrette,1,uuid:ec3064ee-ada3-4288-917c-4691796260f7,uuid:ec3064ee-ada3-4288-917c-4691796260f7/intro_bird/bird_ipa[2]
h_cendre,2,uuid:b9a03534-ada5-425d-9d7a-1fefa3c66eec,uuid:b9a03534-ada5-425d-9d7a-1fefa3c66eec/intro_bird/bird_ipa[1]
g_aigrette,1,uuid:b9a03534-ada5-425d-9d7a-1fefa3c66eec,uuid:b9a03534-ada5-425d-9d7a-1fefa3c66eec/intro_bird/bird_ipa[2]
h_cendre,80,uuid:077d8b48-c101-433a-a116-6c51c3dae964,uuid:077d8b48-c101-433a-a116-6c51c3dae964/intro_bird/bird_ipa[1]
g_aigrette,121,uuid:077d8b48-c101-433a-a116-6c51c3dae964,uuid:077d8b48-c101-433a-a116-6c51c3dae964/intro_bird/bird_ipa[2]
g_casta,13,uuid:077d8b48-c101-433a-a116-6c51c3dae964,uuid:077d8b48-c101-433a-a116-6c51c3dae964/intro_bird/bird_ipa[3]
cormo,7,uuid:077d8b48-c101-433a-a116-6c51c3dae964,uuid:077d8b48-c101-433a-a116-6c51c3dae964/intro_bird/bird_ipa[4]
m_rieuse,67,uuid:077d8b48-c101-433a-a116-6c51c3dae964,uuid:077d8b48-c101-433a-a116-6c51c3dae964/intro_bird/bird_ipa[5]
g_huppe,11,uuid:077d8b48-c101-433a-a116-6c51c3dae964,uuid:077d8b48-c101-433a-a116-6c51c3dae964/intro_bird/bird_ipa[6]
c_tuber,11,uuid:077d8b48-c101-433a-a116-6c51c3dae964,uuid:077d8b48-c101-433a-a116-6c51c3dae964/intro_bird/bird_ipa[7]
h_cendre,1,uuid:18eccb0f-4d2b-4b48-9034-a49a3f3de24c,uuid:18eccb0f-4d2b-4b48-9034-a49a3f3de24c/intro_bird/bird_ipa[1]
c_tuber,94,uuid:18eccb0f-4d2b-4b48-9034-a49a3f3de24c,uuid:18eccb0f-4d2b-4b48-9034-a49a3f3de24c/intro_bird/bird_ipa[2]
g_aigrette,1,uuid:f140c5c0-1c77-44c1-8902-e57d32abee24,uuid:f140c5c0-1c77-44c1-8902-e57d32abee24/intro_bird/bird_ipa[1]
c_tuber,4,uuid:f140c5c0-1c77-44c1-8902-e57d32abee24,uuid:f140c5c0-1c77-44c1-8902-e57d32abee24/intro_bird/bird_ipa[2]
g_aigrette,2,uuid:02044d2f-8477-4ab1-8712-44d9bc2eedc6,uuid:02044d2f-8477-4ab1-8712-44d9bc2eedc6/intro_bird/bird_ipa[1]
h_cendre,3,uuid:02044d2f-8477-4ab1-8712-44d9bc2eedc6,uuid:02044d2f-8477-4ab1-8712-44d9bc2eedc6/intro_bird/bird_ipa[2]
h_cendre,4,uuid:f33b087f-d1c4-4723-8504-1508200114ed,uuid:f33b087f-d1c4-4723-8504-1508200114ed/intro_bird/bird_ipa[1]
h_cendre,1,uuid:feda26e4-cb92-4478-98e3-c49ca46694bb,uuid:feda26e4-cb92-4478-98e3-c49ca46694bb/intro_bird/bird_ipa[1]
c_tuber,2,uuid:feda26e4-cb92-4478-98e3-c49ca46694bb,uuid:feda26e4-cb92-4478-98e3-c49ca46694bb/intro_bird/bird_ipa[2]
"",,uuid:feda26e4-cb92-4478-98e3-c49ca46694bb,uuid:feda26e4-cb92-4478-98e3-c49ca46694bb/intro_bird/bird_ipa[3]
c_tuber,2,uuid:fcada72b-ac77-4a83-8859-e86526b5d8fd,uuid:fcada72b-ac77-4a83-8859-e86526b5d8fd/intro_bird/bird_ipa[1]
c_tuber,14,uuid:876aecba-84b8-4769-9548-c25aa8a4d092,uuid:876aecba-84b8-4769-9548-c25aa8a4d092/intro_bird/bird_ipa[1]
g_aigrette,1,uuid:876aecba-84b8-4769-9548-c25aa8a4d092,uuid:876aecba-84b8-4769-9548-c25aa8a4d092/intro_bird/bird_ipa[2]
g_aigrette,2,uuid:e89f84fd-d5e0-44f6-8ac1-87d353b8ef67,uuid:e89f84fd-d5e0-44f6-8ac1-87d353b8ef67/intro_bird/bird_ipa[1]
h_cendre,3,uuid:e89f84fd-d5e0-44f6-8ac1-87d353b8ef67,uuid:e89f84fd-d5e0-44f6-8ac1-87d353b8ef67/intro_bird/bird_ipa[2]
h_cendre,6,uuid:475a9e65-7c18-4bdd-81ce-ba47c7cc2538,uuid:475a9e65-7c18-4bdd-81ce-ba47c7cc2538/intro_bird/bird_ipa[1]
g_aigrette,1,uuid:475a9e65-7c18-4bdd-81ce-ba47c7cc2538,uuid:475a9e65-7c18-4bdd-81ce-ba47c7cc2538/intro_bird/bird_ipa[2]
c_tuber,3,uuid:475a9e65-7c18-4bdd-81ce-ba47c7cc2538,uuid:475a9e65-7c18-4bdd-81ce-ba47c7cc2538/intro_bird/bird_ipa[3]
g_aigrette,1,uuid:a391d58b-8208-4e46-81ce-1826fb2ace84,uuid:a391d58b-8208-4e46-81ce-1826fb2ace84/intro_bird/bird_ipa[1]
h_cendre,1,uuid:a391d58b-8208-4e46-81ce-1826fb2ace84,uuid:a391d58b-8208-4e46-81ce-1826fb2ace84/intro_bird/bird_ipa[2]
h_cendre,6,uuid:83390bdb-6042-4733-a209-3d90a290627a,uuid:83390bdb-6042-4733-a209-3d90a290627a/intro_bird/bird_ipa[1]
g_aigrette,1,uuid:1ef9c77b-7d0a-41db-872f-85b04c287947,uuid:1ef9c77b-7d0a-41db-872f-85b04c287947/intro_bird/bird_ipa[1]
h_cendre,28,uuid:10390a02-e3a2-4cb7-86ba-2cea27358625,uuid:10390a02-e3a2-4cb7-86ba-2cea27358625/intro_bird/bird_ipa[1]
c_blanche,29,uuid:10390a02-e3a2-4cb7-86ba-2cea27358625,uuid:10390a02-e3a2-4cb7-86ba-2cea27358625/intro_bird/bird_ipa[2]
cormo,2,uuid:79a14f0a-5de4-4fa5-9c29-135c51f462dc,uuid:79a14f0a-5de4-4fa5-9c29-135c51f462dc/intro_bird/bird_ipa[1]
h_cendre,7,uuid:79a14f0a-5de4-4fa5-9c29-135c51f462dc,uuid:79a14f0a-5de4-4fa5-9c29-135c51f462dc/intro_bird/bird_ipa[2]
c_tuber,2,uuid:79a14f0a-5de4-4fa5-9c29-135c51f462dc,uuid:79a14f0a-5de4-4fa5-9c29-135c51f462dc/intro_bird/bird_ipa[3]
m_rieuse,18,uuid:79a14f0a-5de4-4fa5-9c29-135c51f462dc,uuid:79a14f0a-5de4-4fa5-9c29-135c51f462dc/intro_bird/bird_ipa[4]
g_aigrette,1,uuid:79a14f0a-5de4-4fa5-9c29-135c51f462dc,uuid:79a14f0a-5de4-4fa5-9c29-135c51f462dc/intro_bird/bird_ipa[5]
c_tuber,8,uuid:98cfd3d6-6c74-46fa-887c-37dbdfd8d8ed,uuid:98cfd3d6-6c74-46fa-887c-37dbdfd8d8ed/intro_bird/bird_ipa[1]
h_cendre,1,uuid:27133bc8-b117-4e6d-8dae-2774af619538,uuid:27133bc8-b117-4e6d-8dae-2774af619538/intro_bird/bird_ipa[1]
h_cendre,2,uuid:885294df-9a01-4156-b098-f0be667ce3d0,uuid:885294df-9a01-4156-b098-f0be667ce3d0/intro_bird/bird_ipa[1]
g_aigrette,1,uuid:885294df-9a01-4156-b098-f0be667ce3d0,uuid:885294df-9a01-4156-b098-f0be667ce3d0/intro_bird/bird_ipa[2]
cormo,17,uuid:cb34135d-f30a-4eed-b2d5-7e7517a42297,uuid:cb34135d-f30a-4eed-b2d5-7e7517a42297/intro_bird/bird_ipa[1]
g_aigrette,4,uuid:cb34135d-f30a-4eed-b2d5-7e7517a42297,uuid:cb34135d-f30a-4eed-b2d5-7e7517a42297/intro_bird/bird_ipa[2]
h_cendre,6,uuid:cb34135d-f30a-4eed-b2d5-7e7517a42297,uuid:cb34135d-f30a-4eed-b2d5-7e7517a42297/intro_bird/bird_ipa[3]
m_rieuse,3,uuid:cb34135d-f30a-4eed-b2d5-7e7517a42297,uuid:cb34135d-f30a-4eed-b2d5-7e7517a42297/intro_bird/bird_ipa[4]
c_blanche,1,uuid:cb34135d-f30a-4eed-b2d5-7e7517a42297,uuid:cb34135d-f30a-4eed-b2d5-7e7517a42297/intro_bird/bird_ipa[5]
h_bievre,1,uuid:cb34135d-f30a-4eed-b2d5-7e7517a42297,uuid:cb34135d-f30a-4eed-b2d5-7e7517a42297/intro_bird/bird_ipa[6]
h_bievre,2,uuid:7fd98191-d897-4813-ab2a-1d48ae718697,uuid:7fd98191-d897-4813-ab2a-1d48ae718697/intro_bird/bird_ipa[1]
h_cendre,5,uuid:7fd98191-d897-4813-ab2a-1d48ae718697,uuid:7fd98191-d897-4813-ab2a-1d48ae718697/intro_bird/bird_ipa[2]
g_aigrette,1,uuid:7fd98191-d897-4813-ab2a-1d48ae718697,uuid:7fd98191-d897-4813-ab2a-1d48ae718697/intro_bird/bird_ipa[3]
c_tuber,2,uuid:7fd98191-d897-4813-ab2a-1d48ae718697,uuid:7fd98191-d897-4813-ab2a-1d48ae718697/intro_bird/bird_ipa[4]
g_huppe,2,uuid:7fd98191-d897-4813-ab2a-1d48ae718697,uuid:7fd98191-d897-4813-ab2a-1d48ae718697/intro_bird/bird_ipa[5]
c_tuber,2,uuid:8b899b5f-eb29-4773-b94a-c243f1a41387,uuid:8b899b5f-eb29-4773-b94a-c243f1a41387/intro_bird/bird_ipa[1]
g_aigrette,2,uuid:8b899b5f-eb29-4773-b94a-c243f1a41387,uuid:8b899b5f-eb29-4773-b94a-c243f1a41387/intro_bird/bird_ipa[2]
h_cendre,1,uuid:8b899b5f-eb29-4773-b94a-c243f1a41387,uuid:8b899b5f-eb29-4773-b94a-c243f1a41387/intro_bird/bird_ipa[3]
h_cendre,1,uuid:921dff96-72f1-4067-ae94-c9b03002ea29,uuid:921dff96-72f1-4067-ae94-c9b03002ea29/intro_bird/bird_ipa[1]
c_tuber,2,uuid:3e2abccd-893c-4818-9c3d-8f17eae1d8c4,uuid:3e2abccd-893c-4818-9c3d-8f17eae1d8c4/intro_bird/bird_ipa[1]
g_aigrette,1,uuid:3e2abccd-893c-4818-9c3d-8f17eae1d8c4,uuid:3e2abccd-893c-4818-9c3d-8f17eae1d8c4/intro_bird/bird_ipa[2]
h_cendre,1,uuid:3e2abccd-893c-4818-9c3d-8f17eae1d8c4,uuid:3e2abccd-893c-4818-9c3d-8f17eae1d8c4/intro_bird/bird_ipa[3]
c_blanche,2,uuid:b120f977-332a-4065-bb48-b8ca84f789ce,uuid:b120f977-332a-4065-bb48-b8ca84f789ce/intro_bird/bird_ipa[1]
h_cendre,41,uuid:b120f977-332a-4065-bb48-b8ca84f789ce,uuid:b120f977-332a-4065-bb48-b8ca84f789ce/intro_bird/bird_ipa[2]
m_rieuse,18,uuid:b120f977-332a-4065-bb48-b8ca84f789ce,uuid:b120f977-332a-4065-bb48-b8ca84f789ce/intro_bird/bird_ipa[3]
h_cendre,2,uuid:89762b8e-782b-4147-b50d-95fafedf6b80,uuid:89762b8e-782b-4147-b50d-95fafedf6b80/intro_bird/bird_ipa[1]
g_aigrette,1,uuid:89762b8e-782b-4147-b50d-95fafedf6b80,uuid:89762b8e-782b-4147-b50d-95fafedf6b80/intro_bird/bird_ipa[2]
h_cendre,1,uuid:30afd389-8dfc-44ed-981d-183b2b9dd8c7,uuid:30afd389-8dfc-44ed-981d-183b2b9dd8c7/intro_bird/bird_ipa[1]
cormo,2,uuid:e0adab7c-c7ca-489a-9071-4519640974f8,uuid:e0adab7c-c7ca-489a-9071-4519640974f8/intro_bird/bird_ipa[1]
h_cendre,3,uuid:e0adab7c-c7ca-489a-9071-4519640974f8,uuid:e0adab7c-c7ca-489a-9071-4519640974f8/intro_bird/bird_ipa[2]
g_aigrette,1,uuid:e0adab7c-c7ca-489a-9071-4519640974f8,uuid:e0adab7c-c7ca-489a-9071-4519640974f8/intro_bird/bird_ipa[3]
c_blanche,2,uuid:e0adab7c-c7ca-489a-9071-4519640974f8,uuid:e0adab7c-c7ca-489a-9071-4519640974f8/intro_bird/bird_ipa[4]
c_tuber,2,uuid:124addbe-e096-4937-a54b-22490a966466,uuid:124addbe-e096-4937-a54b-22490a966466/intro_bird/bird_ipa[1]
g_aigrette,1,uuid:124addbe-e096-4937-a54b-22490a966466,uuid:124addbe-e096-4937-a54b-22490a966466/intro_bird/bird_ipa[2]
h_cendre,1,uuid:124addbe-e096-4937-a54b-22490a966466,uuid:124addbe-e096-4937-a54b-22490a966466/intro_bird/bird_ipa[3]
cormo,3,uuid:124addbe-e096-4937-a54b-22490a966466,uuid:124addbe-e096-4937-a54b-22490a966466/intro_bird/bird_ipa[4]
h_cendre,2,uuid:68186c9e-f5d5-45fa-a7e1-133d5fe4bca7,uuid:68186c9e-f5d5-45fa-a7e1-133d5fe4bca7/intro_bird/bird_ipa[1]
h_cendre,2,uuid:9703d6d9-2010-4e45-90d6-70bfbeb78b6d,uuid:9703d6d9-2010-4e45-90d6-70bfbeb78b6d/intro_bird/bird_ipa[1]
h_cendre,4,uuid:4ba12981-b389-47d2-bf6d-6905b252fc92,uuid:4ba12981-b389-47d2-bf6d-6905b252fc92/intro_bird/bird_ipa[1]
g_aigrette,2,uuid:4ba12981-b389-47d2-bf6d-6905b252fc92,uuid:4ba12981-b389-47d2-bf6d-6905b252fc92/intro_bird/bird_ipa[2]
m_rieuse,1,uuid:4ba12981-b389-47d2-bf6d-6905b252fc92,uuid:4ba12981-b389-47d2-bf6d-6905b252fc92/intro_bird/bird_ipa[3]
cormo,19,uuid:f8d2ec86-08ff-4d94-8e15-a1cc5fbeae3a,uuid:f8d2ec86-08ff-4d94-8e15-a1cc5fbeae3a/intro_bird/bird_ipa[1]
h_cendre,1,uuid:f8d2ec86-08ff-4d94-8e15-a1cc5fbeae3a,uuid:f8d2ec86-08ff-4d94-8e15-a1cc5fbeae3a/intro_bird/bird_ipa[2]
c_tuber,4,uuid:9c0748a4-5028-4fd7-b0a6-dc6a5073cf8e,uuid:9c0748a4-5028-4fd7-b0a6-dc6a5073cf8e/intro_bird/bird_ipa[1]
h_cendre,19,uuid:9c0748a4-5028-4fd7-b0a6-dc6a5073cf8e,uuid:9c0748a4-5028-4fd7-b0a6-dc6a5073cf8e/intro_bird/bird_ipa[2]
g_aigrette,1,uuid:9c0748a4-5028-4fd7-b0a6-dc6a5073cf8e,uuid:9c0748a4-5028-4fd7-b0a6-dc6a5073cf8e/intro_bird/bird_ipa[3]
c_tuber,33,uuid:f0215a53-22c8-4939-99f9-191b54417c11,uuid:f0215a53-22c8-4939-99f9-191b54417c11/intro_bird/bird_ipa[1]
h_cendre,4,uuid:f0215a53-22c8-4939-99f9-191b54417c11,uuid:f0215a53-22c8-4939-99f9-191b54417c11/intro_bird/bird_ipa[2]
"",,uuid:f0215a53-22c8-4939-99f9-191b54417c11,uuid:f0215a53-22c8-4939-99f9-191b54417c11/intro_bird/bird_ipa[3]
cormo,2,uuid:e41f8594-1054-4bb0-a743-706a894dcc58,uuid:e41f8594-1054-4bb0-a743-706a894dcc58/intro_bird/bird_ipa[1]
h_cendre,2,uuid:e41f8594-1054-4bb0-a743-706a894dcc58,uuid:e41f8594-1054-4bb0-a743-706a894dcc58/intro_bird/bird_ipa[2]
g_aigrette,22,uuid:e41f8594-1054-4bb0-a743-706a894dcc58,uuid:e41f8594-1054-4bb0-a743-706a894dcc58/intro_bird/bird_ipa[3]
c_tuber,1,uuid:e41f8594-1054-4bb0-a743-706a894dcc58,uuid:e41f8594-1054-4bb0-a743-706a894dcc58/intro_bird/bird_ipa[4]
g_huppe,43,uuid:e41f8594-1054-4bb0-a743-706a894dcc58,uuid:e41f8594-1054-4bb0-a743-706a894dcc58/intro_bird/bird_ipa[5]
g_casta,16,uuid:e41f8594-1054-4bb0-a743-706a894dcc58,uuid:e41f8594-1054-4bb0-a743-706a894dcc58/intro_bird/bird_ipa[6]
h_cendre,43,uuid:305962d4-555c-4e1c-91af-68a80ea39c1a,uuid:305962d4-555c-4e1c-91af-68a80ea39c1a/intro_bird/bird_ipa[1]
m_rieuse,71,uuid:305962d4-555c-4e1c-91af-68a80ea39c1a,uuid:305962d4-555c-4e1c-91af-68a80ea39c1a/intro_bird/bird_ipa[2]
"",,uuid:305962d4-555c-4e1c-91af-68a80ea39c1a,uuid:305962d4-555c-4e1c-91af-68a80ea39c1a/intro_bird/bird_ipa[3]
h_cendre,10,uuid:ee443500-15cc-4795-a88f-19d2631e0fd6,uuid:ee443500-15cc-4795-a88f-19d2631e0fd6/intro_bird/bird_ipa[1]
g_aigrette,2,uuid:ee443500-15cc-4795-a88f-19d2631e0fd6,uuid:ee443500-15cc-4795-a88f-19d2631e0fd6/intro_bird/bird_ipa[2]
h_cendre,4,uuid:21b65bbf-5e88-4543-be9e-b102ec7e6b1f,uuid:21b65bbf-5e88-4543-be9e-b102ec7e6b1f/intro_bird/bird_ipa[1]
cormo,2,uuid:21b65bbf-5e88-4543-be9e-b102ec7e6b1f,uuid:21b65bbf-5e88-4543-be9e-b102ec7e6b1f/intro_bird/bird_ipa[2]
h_cendre,1,uuid:f85c21c7-3b56-4f81-9de8-be645a4a789a,uuid:f85c21c7-3b56-4f81-9de8-be645a4a789a/intro_bird/bird_ipa[1]
g_aigrette,1,uuid:f85c21c7-3b56-4f81-9de8-be645a4a789a,uuid:f85c21c7-3b56-4f81-9de8-be645a4a789a/intro_bird/bird_ipa[2]
c_tuber,2,uuid:b0ca7781-4877-4284-9bbd-95b5f37526cb,uuid:b0ca7781-4877-4284-9bbd-95b5f37526cb/intro_bird/bird_ipa[1]
"",,uuid:b0ca7781-4877-4284-9bbd-95b5f37526cb,uuid:b0ca7781-4877-4284-9bbd-95b5f37526cb/intro_bird/bird_ipa[2]
h_cendre,3,uuid:3f1b93ae-d61d-4029-8a03-f39a1e4847dc,uuid:3f1b93ae-d61d-4029-8a03-f39a1e4847dc/intro_bird/bird_ipa[1]
g_aigrette,1,uuid:3f1b93ae-d61d-4029-8a03-f39a1e4847dc,uuid:3f1b93ae-d61d-4029-8a03-f39a1e4847dc/intro_bird/bird_ipa[2]
h_cendre,1,uuid:6b7663f8-1803-47ba-b2d0-5e586c3a6bc1,uuid:6b7663f8-1803-47ba-b2d0-5e586c3a6bc1/intro_bird/bird_ipa[1]
h_cendre,3,uuid:14dd8995-d823-46d0-a880-e1cdd62a2bbc,uuid:14dd8995-d823-46d0-a880-e1cdd62a2bbc/intro_bird/bird_ipa[1]
c_tuber,11,uuid:14dd8995-d823-46d0-a880-e1cdd62a2bbc,uuid:14dd8995-d823-46d0-a880-e1cdd62a2bbc/intro_bird/bird_ipa[2]
g_aigrette,1,uuid:14dd8995-d823-46d0-a880-e1cdd62a2bbc,uuid:14dd8995-d823-46d0-a880-e1cdd62a2bbc/intro_bird/bird_ipa[3]
c_tuber,8,uuid:b47afb1b-9b1a-4058-bfab-0c0c889fb91a,uuid:b47afb1b-9b1a-4058-bfab-0c0c889fb91a/intro_bird/bird_ipa[1]
h_cendre,1,uuid:b47afb1b-9b1a-4058-bfab-0c0c889fb91a,uuid:b47afb1b-9b1a-4058-bfab-0c0c889fb91a/intro_bird/bird_ipa[2]
h_cendre,1,uuid:7d6df7d9-8f38-4cf5-b7f9-c12ddbc77fff,uuid:7d6df7d9-8f38-4cf5-b7f9-c12ddbc77fff/intro_bird/bird_ipa[1]
g_aigrette,1,uuid:7d6df7d9-8f38-4cf5-b7f9-c12ddbc77fff,uuid:7d6df7d9-8f38-4cf5-b7f9-c12ddbc77fff/intro_bird/bird_ipa[2]
h_cendre,6,uuid:e433a98c-70d5-46c5-85cb-40f98fa35490,uuid:e433a98c-70d5-46c5-85cb-40f98fa35490/intro_bird/bird_ipa[1]
c_tuber,2,uuid:e433a98c-70d5-46c5-85cb-40f98fa35490,uuid:e433a98c-70d5-46c5-85cb-40f98fa35490/intro_bird/bird_ipa[2]
g_aigrette,4,uuid:e433a98c-70d5-46c5-85cb-40f98fa35490,uuid:e433a98c-70d5-46c5-85cb-40f98fa35490/intro_bird/bird_ipa[3]
h_cendre,1,uuid:b6893b9d-5399-4704-b50b-7a638e5e5239,uuid:b6893b9d-5399-4704-b50b-7a638e5e5239/intro_bird/bird_ipa[1]
c_tuber,1,uuid:a0e24c42-5c54-4157-9392-138cf45b815b,uuid:a0e24c42-5c54-4157-9392-138cf45b815b/intro_bird/bird_ipa[1]
g_aigrette,1,uuid:a0e24c42-5c54-4157-9392-138cf45b815b,uuid:a0e24c42-5c54-4157-9392-138cf45b815b/intro_bird/bird_ipa[2]
h_cendre,3,uuid:955cba59-60e4-4001-a80a-de9a3b7b4420,uuid:955cba59-60e4-4001-a80a-de9a3b7b4420/intro_bird/bird_ipa[1]
g_aigrette,2,uuid:955cba59-60e4-4001-a80a-de9a3b7b4420,uuid:955cba59-60e4-4001-a80a-de9a3b7b4420/intro_bird/bird_ipa[2]
h_cendre,2,uuid:83c3efd6-a9f8-40c4-84be-3ea6808deb92,uuid:83c3efd6-a9f8-40c4-84be-3ea6808deb92/intro_bird/bird_ipa[1]
g_aigrette,1,uuid:83c3efd6-a9f8-40c4-84be-3ea6808deb92,uuid:83c3efd6-a9f8-40c4-84be-3ea6808deb92/intro_bird/bird_ipa[2]
g_aigrette,1,uuid:91f4d583-2a86-4d72-ba2a-a1383e456df2,uuid:91f4d583-2a86-4d72-ba2a-a1383e456df2/intro_bird/bird_ipa[1]
cormo,1,uuid:a851af75-0014-4c54-8872-0c6013fc7aed,uuid:a851af75-0014-4c54-8872-0c6013fc7aed/intro_bird/bird_ipa[1]
g_aigrette,1,uuid:a851af75-0014-4c54-8872-0c6013fc7aed,uuid:a851af75-0014-4c54-8872-0c6013fc7aed/intro_bird/bird_ipa[2]
h_cendre,1,uuid:a851af75-0014-4c54-8872-0c6013fc7aed,uuid:a851af75-0014-4c54-8872-0c6013fc7aed/intro_bird/bird_ipa[3]
h_cendre,7,uuid:b50856af-2ce3-44ec-8728-d8d71b176da8,uuid:b50856af-2ce3-44ec-8728-d8d71b176da8/intro_bird/bird_ipa[1]
g_aigrette,2,uuid:b50856af-2ce3-44ec-8728-d8d71b176da8,uuid:b50856af-2ce3-44ec-8728-d8d71b176da8/intro_bird/bird_ipa[2]
m_rieuse,3,uuid:b50856af-2ce3-44ec-8728-d8d71b176da8,uuid:b50856af-2ce3-44ec-8728-d8d71b176da8/intro_bird/bird_ipa[3]
c_tuber,1,uuid:b50856af-2ce3-44ec-8728-d8d71b176da8,uuid:b50856af-2ce3-44ec-8728-d8d71b176da8/intro_bird/bird_ipa[4]
c_tuber,1,uuid:74daabaf-b074-42be-8034-986b6ea5f023,uuid:74daabaf-b074-42be-8034-986b6ea5f023/intro_bird/bird_ipa[1]
h_cendre,5,uuid:74daabaf-b074-42be-8034-986b6ea5f023,uuid:74daabaf-b074-42be-8034-986b6ea5f023/intro_bird/bird_ipa[2]
g_aigrette,1,uuid:74daabaf-b074-42be-8034-986b6ea5f023,uuid:74daabaf-b074-42be-8034-986b6ea5f023/intro_bird/bird_ipa[3]
h_cendre,3,uuid:7c519f3c-a250-44c2-8368-023befd1a567,uuid:7c519f3c-a250-44c2-8368-023befd1a567/intro_bird/bird_ipa[1]
cormo,1,uuid:7c519f3c-a250-44c2-8368-023befd1a567,uuid:7c519f3c-a250-44c2-8368-023befd1a567/intro_bird/bird_ipa[2]
c_tuber,6,uuid:7c519f3c-a250-44c2-8368-023befd1a567,uuid:7c519f3c-a250-44c2-8368-023befd1a567/intro_bird/bird_ipa[3]
h_cendre,23,uuid:f72e41ea-c8f1-41eb-8f50-1ef6ff2d1350,uuid:f72e41ea-c8f1-41eb-8f50-1ef6ff2d1350/intro_bird/bird_ipa[1]
cormo,16,uuid:f72e41ea-c8f1-41eb-8f50-1ef6ff2d1350,uuid:f72e41ea-c8f1-41eb-8f50-1ef6ff2d1350/intro_bird/bird_ipa[2]
m_rieuse,4,uuid:f72e41ea-c8f1-41eb-8f50-1ef6ff2d1350,uuid:f72e41ea-c8f1-41eb-8f50-1ef6ff2d1350/intro_bird/bird_ipa[3]
g_aigrette,1,uuid:f72e41ea-c8f1-41eb-8f50-1ef6ff2d1350,uuid:f72e41ea-c8f1-41eb-8f50-1ef6ff2d1350/intro_bird/bird_ipa[4]
g_aigrette,2,uuid:62e3ccd8-5020-4adb-8a12-d9c83ef3812b,uuid:62e3ccd8-5020-4adb-8a12-d9c83ef3812b/intro_bird/bird_ipa[1]
h_cendre,20,uuid:62e3ccd8-5020-4adb-8a12-d9c83ef3812b,uuid:62e3ccd8-5020-4adb-8a12-d9c83ef3812b/intro_bird/bird_ipa[2]
g_huppe,1,uuid:62e3ccd8-5020-4adb-8a12-d9c83ef3812b,uuid:62e3ccd8-5020-4adb-8a12-d9c83ef3812b/intro_bird/bird_ipa[3]
c_tuber,5,uuid:62e3ccd8-5020-4adb-8a12-d9c83ef3812b,uuid:62e3ccd8-5020-4adb-8a12-d9c83ef3812b/intro_bird/bird_ipa[4]
c_tuber,2,uuid:01aed39d-67f5-404d-a30f-693b7d8e541f,uuid:01aed39d-67f5-404d-a30f-693b7d8e541f/intro_bird/bird_ipa[1]
h_cendre,2,uuid:01aed39d-67f5-404d-a30f-693b7d8e541f,uuid:01aed39d-67f5-404d-a30f-693b7d8e541f/intro_bird/bird_ipa[2]
g_aigrette,1,uuid:01aed39d-67f5-404d-a30f-693b7d8e541f,uuid:01aed39d-67f5-404d-a30f-693b7d8e541f/intro_bird/bird_ipa[3]
m_rieuse,80,uuid:e305ae91-c182-4e26-a4f2-fcda18a9c20a,uuid:e305ae91-c182-4e26-a4f2-fcda18a9c20a/intro_bird/bird_ipa[1]
cormo,1,uuid:e305ae91-c182-4e26-a4f2-fcda18a9c20a,uuid:e305ae91-c182-4e26-a4f2-fcda18a9c20a/intro_bird/bird_ipa[2]
"",,uuid:e305ae91-c182-4e26-a4f2-fcda18a9c20a,uuid:e305ae91-c182-4e26-a4f2-fcda18a9c20a/intro_bird/bird_ipa[3]
cormo,5,uuid:3ec7b976-dd3f-409d-81bd-c9fb0dee7bba,uuid:3ec7b976-dd3f-409d-81bd-c9fb0dee7bba/intro_bird/bird_ipa[1]
h_cendre,46,uuid:3ec7b976-dd3f-409d-81bd-c9fb0dee7bba,uuid:3ec7b976-dd3f-409d-81bd-c9fb0dee7bba/intro_bird/bird_ipa[2]
g_aigrette,9,uuid:3ec7b976-dd3f-409d-81bd-c9fb0dee7bba,uuid:3ec7b976-dd3f-409d-81bd-c9fb0dee7bba/intro_bird/bird_ipa[3]
m_rieuse,12,uuid:3ec7b976-dd3f-409d-81bd-c9fb0dee7bba,uuid:3ec7b976-dd3f-409d-81bd-c9fb0dee7bba/intro_bird/bird_ipa[4]
"",,uuid:4b9de35b-318e-4936-8299-c513d9d3192c,uuid:4b9de35b-318e-4936-8299-c513d9d3192c/intro_bird/bird_ipa[1]
h_cendre,1,uuid:4b9de35b-318e-4936-8299-c513d9d3192c,uuid:4b9de35b-318e-4936-8299-c513d9d3192c/intro_bird/bird_ipa[2]
h_cendre,2,uuid:bf735df5-0b22-498a-8b85-075015d9fa94,uuid:bf735df5-0b22-498a-8b85-075015d9fa94/intro_bird/bird_ipa[1]
cormo,1,uuid:bf735df5-0b22-498a-8b85-075015d9fa94,uuid:bf735df5-0b22-498a-8b85-075015d9fa94/intro_bird/bird_ipa[2]
cormo,1,uuid:39f75030-8254-4d7f-84e5-a32359988996,uuid:39f75030-8254-4d7f-84e5-a32359988996/intro_bird/bird_ipa[1]
h_cendre,1,uuid:39f75030-8254-4d7f-84e5-a32359988996,uuid:39f75030-8254-4d7f-84e5-a32359988996/intro_bird/bird_ipa[2]
g_aigrette,1,uuid:39f75030-8254-4d7f-84e5-a32359988996,uuid:39f75030-8254-4d7f-84e5-a32359988996/intro_bird/bird_ipa[3]
"",,uuid:39f75030-8254-4d7f-84e5-a32359988996,uuid:39f75030-8254-4d7f-84e5-a32359988996/intro_bird/bird_ipa[4]
g_casta,2,uuid:ed39d9f6-73a9-4a26-b47c-80ce7043d729,uuid:ed39d9f6-73a9-4a26-b47c-80ce7043d729/intro_bird/bird_ipa[1]
h_cendre,1,uuid:6cbc5b0d-e2c9-4829-aa75-85950028cc96,uuid:6cbc5b0d-e2c9-4829-aa75-85950028cc96/intro_bird/bird_ipa[1]
"",,uuid:6cbc5b0d-e2c9-4829-aa75-85950028cc96,uuid:6cbc5b0d-e2c9-4829-aa75-85950028cc96/intro_bird/bird_ipa[2]
g_aigrette,1,uuid:6cbc5b0d-e2c9-4829-aa75-85950028cc96,uuid:6cbc5b0d-e2c9-4829-aa75-85950028cc96/intro_bird/bird_ipa[3]
h_cendre,4,uuid:281c6f21-2184-4130-bb51-2946eacd2d7a,uuid:281c6f21-2184-4130-bb51-2946eacd2d7a/intro_bird/bird_ipa[1]
g_aigrette,4,uuid:281c6f21-2184-4130-bb51-2946eacd2d7a,uuid:281c6f21-2184-4130-bb51-2946eacd2d7a/intro_bird/bird_ipa[2]
c_tuber,2,uuid:281c6f21-2184-4130-bb51-2946eacd2d7a,uuid:281c6f21-2184-4130-bb51-2946eacd2d7a/intro_bird/bird_ipa[3]
g_aigrette,1,uuid:575f220b-fe9a-4600-a84a-8d2bd741b3a7,uuid:575f220b-fe9a-4600-a84a-8d2bd741b3a7/intro_bird/bird_ipa[1]
h_cendre,1,uuid:1e444e94-e466-485d-94e8-37927e5c4d00,uuid:1e444e94-e466-485d-94e8-37927e5c4d00/intro_bird/bird_ipa[1]
h_cendre,13,uuid:a209d8c2-d560-4ece-896f-fb85067e7f10,uuid:a209d8c2-d560-4ece-896f-fb85067e7f10/intro_bird/bird_ipa[1]
g_aigrette,3,uuid:a209d8c2-d560-4ece-896f-fb85067e7f10,uuid:a209d8c2-d560-4ece-896f-fb85067e7f10/intro_bird/bird_ipa[2]
m_rieuse,1,uuid:a209d8c2-d560-4ece-896f-fb85067e7f10,uuid:a209d8c2-d560-4ece-896f-fb85067e7f10/intro_bird/bird_ipa[3]
g_aigrette,2,uuid:5aed412a-905e-4a5d-bbe0-609408f94563,uuid:5aed412a-905e-4a5d-bbe0-609408f94563/intro_bird/bird_ipa[1]
h_cendre,7,uuid:5aed412a-905e-4a5d-bbe0-609408f94563,uuid:5aed412a-905e-4a5d-bbe0-609408f94563/intro_bird/bird_ipa[2]
h_cendre,1,uuid:0f8b88d5-02d5-4625-89c0-18c16c43bafe,uuid:0f8b88d5-02d5-4625-89c0-18c16c43bafe/intro_bird/bird_ipa[1]
c_tuber,2,uuid:0f8b88d5-02d5-4625-89c0-18c16c43bafe,uuid:0f8b88d5-02d5-4625-89c0-18c16c43bafe/intro_bird/bird_ipa[2]
"",,uuid:0f8b88d5-02d5-4625-89c0-18c16c43bafe,uuid:0f8b88d5-02d5-4625-89c0-18c16c43bafe/intro_bird/bird_ipa[3]
h_cendre,2,uuid:20ecff2d-86ce-4e55-954b-b7c94f7aa6d0,uuid:20ecff2d-86ce-4e55-954b-b7c94f7aa6d0/intro_bird/bird_ipa[1]
cormo,1,uuid:20ecff2d-86ce-4e55-954b-b7c94f7aa6d0,uuid:20ecff2d-86ce-4e55-954b-b7c94f7aa6d0/intro_bird/bird_ipa[2]
g_aigrette,2,uuid:20ecff2d-86ce-4e55-954b-b7c94f7aa6d0,uuid:20ecff2d-86ce-4e55-954b-b7c94f7aa6d0/intro_bird/bird_ipa[3]
g_casta,5,uuid:20ecff2d-86ce-4e55-954b-b7c94f7aa6d0,uuid:20ecff2d-86ce-4e55-954b-b7c94f7aa6d0/intro_bird/bird_ipa[4]
g_huppe,66,uuid:20ecff2d-86ce-4e55-954b-b7c94f7aa6d0,uuid:20ecff2d-86ce-4e55-954b-b7c94f7aa6d0/intro_bird/bird_ipa[5]
g_aigrette,1,uuid:eb449f3d-1b4f-4c85-a1a4-b5204a4b67e7,uuid:eb449f3d-1b4f-4c85-a1a4-b5204a4b67e7/intro_bird/bird_ipa[1]
g_aigrette,1,uuid:495aab14-bbcd-4b1a-9069-0a6697e54cfb,uuid:495aab14-bbcd-4b1a-9069-0a6697e54cfb/intro_bird/bird_ipa[1]
cormo,3,uuid:495aab14-bbcd-4b1a-9069-0a6697e54cfb,uuid:495aab14-bbcd-4b1a-9069-0a6697e54cfb/intro_bird/bird_ipa[2]
h_cendre,2,uuid:495aab14-bbcd-4b1a-9069-0a6697e54cfb,uuid:495aab14-bbcd-4b1a-9069-0a6697e54cfb/intro_bird/bird_ipa[3]
g_aigrette,1,uuid:79add422-1d33-4b86-a0b3-71a79e4afc5f,uuid:79add422-1d33-4b86-a0b3-71a79e4afc5f/intro_bird/bird_ipa[1]
c_tuber,4,uuid:79add422-1d33-4b86-a0b3-71a79e4afc5f,uuid:79add422-1d33-4b86-a0b3-71a79e4afc5f/intro_bird/bird_ipa[2]
cormo,31,uuid:4afd516e-5b99-411d-8343-83e868a2a075,uuid:4afd516e-5b99-411d-8343-83e868a2a075/intro_bird/bird_ipa[1]
c_tuber,88,uuid:4afd516e-5b99-411d-8343-83e868a2a075,uuid:4afd516e-5b99-411d-8343-83e868a2a075/intro_bird/bird_ipa[2]
g_aigrette,1,uuid:4afd516e-5b99-411d-8343-83e868a2a075,uuid:4afd516e-5b99-411d-8343-83e868a2a075/intro_bird/bird_ipa[3]
h_cendre,6,uuid:de57c578-403b-4a19-aab9-d78388dd3d28,uuid:de57c578-403b-4a19-aab9-d78388dd3d28/intro_bird/bird_ipa[1]
g_aigrette,3,uuid:de57c578-403b-4a19-aab9-d78388dd3d28,uuid:de57c578-403b-4a19-aab9-d78388dd3d28/intro_bird/bird_ipa[2]
c_tuber,7,uuid:de57c578-403b-4a19-aab9-d78388dd3d28,uuid:de57c578-403b-4a19-aab9-d78388dd3d28/intro_bird/bird_ipa[3]
m_rieuse,270,uuid:de57c578-403b-4a19-aab9-d78388dd3d28,uuid:de57c578-403b-4a19-aab9-d78388dd3d28/intro_bird/bird_ipa[4]
h_cendre,4,uuid:e352a93b-0f20-40d0-9fc4-ce80f616fe2d,uuid:e352a93b-0f20-40d0-9fc4-ce80f616fe2d/intro_bird/bird_ipa[1]
c_tuber,3,uuid:e352a93b-0f20-40d0-9fc4-ce80f616fe2d,uuid:e352a93b-0f20-40d0-9fc4-ce80f616fe2d/intro_bird/bird_ipa[2]
h_cendre,6,uuid:093b353a-7185-4f2d-a1de-efdc35674cd6,uuid:093b353a-7185-4f2d-a1de-efdc35674cd6/intro_bird/bird_ipa[1]
g_aigrette,1,uuid:093b353a-7185-4f2d-a1de-efdc35674cd6,uuid:093b353a-7185-4f2d-a1de-efdc35674cd6/intro_bird/bird_ipa[2]
h_cendre,2,uuid:df1e98fb-10d5-4b27-8b40-c4fbfde03114,uuid:df1e98fb-10d5-4b27-8b40-c4fbfde03114/intro_bird/bird_ipa[1]
g_aigrette,1,uuid:df1e98fb-10d5-4b27-8b40-c4fbfde03114,uuid:df1e98fb-10d5-4b27-8b40-c4fbfde03114/intro_bird/bird_ipa[2]
m_rieuse,70,uuid:df1e98fb-10d5-4b27-8b40-c4fbfde03114,uuid:df1e98fb-10d5-4b27-8b40-c4fbfde03114/intro_bird/bird_ipa[3]
h_cendre,4,uuid:f7e37f27-c37e-4aff-b792-13a261eefb1e,uuid:f7e37f27-c37e-4aff-b792-13a261eefb1e/intro_bird/bird_ipa[1]
g_aigrette,1,uuid:f7e37f27-c37e-4aff-b792-13a261eefb1e,uuid:f7e37f27-c37e-4aff-b792-13a261eefb1e/intro_bird/bird_ipa[2]
h_cendre,25,uuid:73b4764f-ce9f-4fec-bd0d-1e3bbc30a2a1,uuid:73b4764f-ce9f-4fec-bd0d-1e3bbc30a2a1/intro_bird/bird_ipa[1]
g_aigrette,27,uuid:73b4764f-ce9f-4fec-bd0d-1e3bbc30a2a1,uuid:73b4764f-ce9f-4fec-bd0d-1e3bbc30a2a1/intro_bird/bird_ipa[2]
m_rieuse,750,uuid:73b4764f-ce9f-4fec-bd0d-1e3bbc30a2a1,uuid:73b4764f-ce9f-4fec-bd0d-1e3bbc30a2a1/intro_bird/bird_ipa[3]
g_aigrette,1,uuid:453646ba-fa78-4526-ab95-c0b7e0186f2e,uuid:453646ba-fa78-4526-ab95-c0b7e0186f2e/intro_bird/bird_ipa[1]
h_cendre,1,uuid:453646ba-fa78-4526-ab95-c0b7e0186f2e,uuid:453646ba-fa78-4526-ab95-c0b7e0186f2e/intro_bird/bird_ipa[2]
c_tuber,73,uuid:385c7cb9-8a85-4c1a-93ef-da1ac3291ad5,uuid:385c7cb9-8a85-4c1a-93ef-da1ac3291ad5/intro_bird/bird_ipa[1]
h_cendre,1,uuid:f4a964a5-0bd1-46a1-9aea-db597f13656e,uuid:f4a964a5-0bd1-46a1-9aea-db597f13656e/intro_bird/bird_ipa[1]
g_aigrette,1,uuid:f4a964a5-0bd1-46a1-9aea-db597f13656e,uuid:f4a964a5-0bd1-46a1-9aea-db597f13656e/intro_bird/bird_ipa[2]
cormo,1,uuid:f2eb09c3-02ad-4f0b-a5bb-2d80d9fe9260,uuid:f2eb09c3-02ad-4f0b-a5bb-2d80d9fe9260/intro_bird/bird_ipa[1]
h_cendre,2,uuid:f2eb09c3-02ad-4f0b-a5bb-2d80d9fe9260,uuid:f2eb09c3-02ad-4f0b-a5bb-2d80d9fe9260/intro_bird/bird_ipa[2]
g_aigrette,2,uuid:f2eb09c3-02ad-4f0b-a5bb-2d80d9fe9260,uuid:f2eb09c3-02ad-4f0b-a5bb-2d80d9fe9260/intro_bird/bird_ipa[3]
c_tuber,2,uuid:f2eb09c3-02ad-4f0b-a5bb-2d80d9fe9260,uuid:f2eb09c3-02ad-4f0b-a5bb-2d80d9fe9260/intro_bird/bird_ipa[4]
g_casta,3,uuid:f2eb09c3-02ad-4f0b-a5bb-2d80d9fe9260,uuid:f2eb09c3-02ad-4f0b-a5bb-2d80d9fe9260/intro_bird/bird_ipa[5]
cormo,90,uuid:5a0b883d-473b-400b-98de-8321dd1557df,uuid:5a0b883d-473b-400b-98de-8321dd1557df/intro_bird/bird_ipa[1]
g_aigrette,2,uuid:5a0b883d-473b-400b-98de-8321dd1557df,uuid:5a0b883d-473b-400b-98de-8321dd1557df/intro_bird/bird_ipa[2]
h_cendre,2,uuid:5a0b883d-473b-400b-98de-8321dd1557df,uuid:5a0b883d-473b-400b-98de-8321dd1557df/intro_bird/bird_ipa[3]
h_cendre,2,uuid:92ab0541-5249-4bf8-86c2-87b33270b7e6,uuid:92ab0541-5249-4bf8-86c2-87b33270b7e6/intro_bird/bird_ipa[1]
cormo,2,uuid:92ab0541-5249-4bf8-86c2-87b33270b7e6,uuid:92ab0541-5249-4bf8-86c2-87b33270b7e6/intro_bird/bird_ipa[2]
c_tuber,1,uuid:92ab0541-5249-4bf8-86c2-87b33270b7e6,uuid:92ab0541-5249-4bf8-86c2-87b33270b7e6/intro_bird/bird_ipa[3]
g_huppe,1,uuid:92ab0541-5249-4bf8-86c2-87b33270b7e6,uuid:92ab0541-5249-4bf8-86c2-87b33270b7e6/intro_bird/bird_ipa[4]
h_cendre,2,uuid:19914e29-58c2-4e5b-8545-61869402b923,uuid:19914e29-58c2-4e5b-8545-61869402b923/intro_bird/bird_ipa[1]
g_aigrette,1,uuid:19914e29-58c2-4e5b-8545-61869402b923,uuid:19914e29-58c2-4e5b-8545-61869402b923/intro_bird/bird_ipa[2]
h_cendre,1,uuid:036af9e9-1a60-483a-8250-69c69d068ca4,uuid:036af9e9-1a60-483a-8250-69c69d068ca4/intro_bird/bird_ipa[1]
g_aigrette,1,uuid:036af9e9-1a60-483a-8250-69c69d068ca4,uuid:036af9e9-1a60-483a-8250-69c69d068ca4/intro_bird/bird_ipa[2]
c_tuber,1,uuid:036af9e9-1a60-483a-8250-69c69d068ca4,uuid:036af9e9-1a60-483a-8250-69c69d068ca4/intro_bird/bird_ipa[3]
h_cendre,1,uuid:34a937e4-9bee-454e-b295-14074cb9dde8,uuid:34a937e4-9bee-454e-b295-14074cb9dde8/intro_bird/bird_ipa[1]
g_aigrette,1,uuid:34a937e4-9bee-454e-b295-14074cb9dde8,uuid:34a937e4-9bee-454e-b295-14074cb9dde8/intro_bird/bird_ipa[2]
h_cendre,7,uuid:1dfec99d-b8b4-411b-9635-0cf8fa554ab1,uuid:1dfec99d-b8b4-411b-9635-0cf8fa554ab1/intro_bird/bird_ipa[1]
m_rieuse,2,uuid:1dfec99d-b8b4-411b-9635-0cf8fa554ab1,uuid:1dfec99d-b8b4-411b-9635-0cf8fa554ab1/intro_bird/bird_ipa[2]
c_tuber,2,uuid:1dfec99d-b8b4-411b-9635-0cf8fa554ab1,uuid:1dfec99d-b8b4-411b-9635-0cf8fa554ab1/intro_bird/bird_ipa[3]
g_huppe,1,uuid:1dfec99d-b8b4-411b-9635-0cf8fa554ab1,uuid:1dfec99d-b8b4-411b-9635-0cf8fa554ab1/intro_bird/bird_ipa[4]
cormo,3,uuid:1dfec99d-b8b4-411b-9635-0cf8fa554ab1,uuid:1dfec99d-b8b4-411b-9635-0cf8fa554ab1/intro_bird/bird_ipa[5]
h_cendre,1,uuid:0fee73bb-b54b-4b04-b1d1-1958531ebd8c,uuid:0fee73bb-b54b-4b04-b1d1-1958531ebd8c/intro_bird/bird_ipa[1]
g_aigrette,1,uuid:0fee73bb-b54b-4b04-b1d1-1958531ebd8c,uuid:0fee73bb-b54b-4b04-b1d1-1958531ebd8c/intro_bird/bird_ipa[2]
c_tuber,2,uuid:0fee73bb-b54b-4b04-b1d1-1958531ebd8c,uuid:0fee73bb-b54b-4b04-b1d1-1958531ebd8c/intro_bird/bird_ipa[3]
c_tuber,28,uuid:ad8facff-15bb-4f9d-89e8-f74227bc7839,uuid:ad8facff-15bb-4f9d-89e8-f74227bc7839/intro_bird/bird_ipa[1]
g_aigrette,1,uuid:ad8facff-15bb-4f9d-89e8-f74227bc7839,uuid:ad8facff-15bb-4f9d-89e8-f74227bc7839/intro_bird/bird_ipa[2]
h_cendre,1,uuid:ad8facff-15bb-4f9d-89e8-f74227bc7839,uuid:ad8facff-15bb-4f9d-89e8-f74227bc7839/intro_bird/bird_ipa[3]
cormo,1,uuid:2251050d-2a77-45ec-b3b8-ba78950b23ee,uuid:2251050d-2a77-45ec-b3b8-ba78950b23ee/intro_bird/bird_ipa[1]
h_cendre,3,uuid:2251050d-2a77-45ec-b3b8-ba78950b23ee,uuid:2251050d-2a77-45ec-b3b8-ba78950b23ee/intro_bird/bird_ipa[2]
c_tuber,1,uuid:2251050d-2a77-45ec-b3b8-ba78950b23ee,uuid:2251050d-2a77-45ec-b3b8-ba78950b23ee/intro_bird/bird_ipa[3]
h_cendre,2,uuid:8d103030-e219-4ebc-91df-a897b046809e,uuid:8d103030-e219-4ebc-91df-a897b046809e/intro_bird/bird_ipa[1]
c_tuber,6,uuid:8d103030-e219-4ebc-91df-a897b046809e,uuid:8d103030-e219-4ebc-91df-a897b046809e/intro_bird/bird_ipa[2]
g_aigrette,1,uuid:8d103030-e219-4ebc-91df-a897b046809e,uuid:8d103030-e219-4ebc-91df-a897b046809e/intro_bird/bird_ipa[3]
cormo,12,uuid:b3ec26cb-3850-4d59-963e-fae4e1ef8a2b,uuid:b3ec26cb-3850-4d59-963e-fae4e1ef8a2b/intro_bird/bird_ipa[1]
h_cendre,6,uuid:b3ec26cb-3850-4d59-963e-fae4e1ef8a2b,uuid:b3ec26cb-3850-4d59-963e-fae4e1ef8a2b/intro_bird/bird_ipa[2]
g_aigrette,3,uuid:b3ec26cb-3850-4d59-963e-fae4e1ef8a2b,uuid:b3ec26cb-3850-4d59-963e-fae4e1ef8a2b/intro_bird/bird_ipa[3]
m_rieuse,1,uuid:b3ec26cb-3850-4d59-963e-fae4e1ef8a2b,uuid:b3ec26cb-3850-4d59-963e-fae4e1ef8a2b/intro_bird/bird_ipa[4]
g_casta,2,uuid:b3ec26cb-3850-4d59-963e-fae4e1ef8a2b,uuid:b3ec26cb-3850-4d59-963e-fae4e1ef8a2b/intro_bird/bird_ipa[5]
h_cendre,2,uuid:f2d44eb5-3ed3-4c58-91b3-cbb3fa5d31cd,uuid:f2d44eb5-3ed3-4c58-91b3-cbb3fa5d31cd/intro_bird/bird_ipa[1]
g_aigrette,2,uuid:f2d44eb5-3ed3-4c58-91b3-cbb3fa5d31cd,uuid:f2d44eb5-3ed3-4c58-91b3-cbb3fa5d31cd/intro_bird/bird_ipa[2]
h_cendre,2,uuid:3cf7f0a6-8b91-46db-b5e1-c87956459049,uuid:3cf7f0a6-8b91-46db-b5e1-c87956459049/intro_bird/bird_ipa[1]
cormo,1,uuid:3cf7f0a6-8b91-46db-b5e1-c87956459049,uuid:3cf7f0a6-8b91-46db-b5e1-c87956459049/intro_bird/bird_ipa[2]
g_aigrette,1,uuid:3cf7f0a6-8b91-46db-b5e1-c87956459049,uuid:3cf7f0a6-8b91-46db-b5e1-c87956459049/intro_bird/bird_ipa[3]
h_cendre,5,uuid:1f36d442-4376-4380-8e5b-9cf46357a0cb,uuid:1f36d442-4376-4380-8e5b-9cf46357a0cb/intro_bird/bird_ipa[1]
g_aigrette,2,uuid:1f36d442-4376-4380-8e5b-9cf46357a0cb,uuid:1f36d442-4376-4380-8e5b-9cf46357a0cb/intro_bird/bird_ipa[2]
c_tuber,7,uuid:1f36d442-4376-4380-8e5b-9cf46357a0cb,uuid:1f36d442-4376-4380-8e5b-9cf46357a0cb/intro_bird/bird_ipa[3]
"",,uuid:1f36d442-4376-4380-8e5b-9cf46357a0cb,uuid:1f36d442-4376-4380-8e5b-9cf46357a0cb/intro_bird/bird_ipa[4]
c_tuber,1,uuid:c2801570-1569-4ab0-8d05-cc5262891091,uuid:c2801570-1569-4ab0-8d05-cc5262891091/intro_bird/bird_ipa[1]
c_tuber,4,uuid:72375703-3b35-42ae-b5f0-009a92a85020,uuid:72375703-3b35-42ae-b5f0-009a92a85020/intro_bird/bird_ipa[1]
cormo,5,uuid:72375703-3b35-42ae-b5f0-009a92a85020,uuid:72375703-3b35-42ae-b5f0-009a92a85020/intro_bird/bird_ipa[2]
g_huppe,3,uuid:72375703-3b35-42ae-b5f0-009a92a85020,uuid:72375703-3b35-42ae-b5f0-009a92a85020/intro_bird/bird_ipa[3]
g_aigrette,1,uuid:72375703-3b35-42ae-b5f0-009a92a85020,uuid:72375703-3b35-42ae-b5f0-009a92a85020/intro_bird/bird_ipa[4]
h_cendre,1,uuid:72375703-3b35-42ae-b5f0-009a92a85020,uuid:72375703-3b35-42ae-b5f0-009a92a85020/intro_bird/bird_ipa[5]
c_tuber,4,uuid:fa1cc2b8-6d1e-48db-bf4f-a6df0d4ef5d2,uuid:fa1cc2b8-6d1e-48db-bf4f-a6df0d4ef5d2/intro_bird/bird_ipa[1]
"",,uuid:fa1cc2b8-6d1e-48db-bf4f-a6df0d4ef5d2,uuid:fa1cc2b8-6d1e-48db-bf4f-a6df0d4ef5d2/intro_bird/bird_ipa[2]
m_rieuse,370,uuid:a3837bc4-63be-4f0d-9ad3-1523b49e0d62,uuid:a3837bc4-63be-4f0d-9ad3-1523b49e0d62/intro_bird/bird_ipa[1]
g_aigrette,2,uuid:a3837bc4-63be-4f0d-9ad3-1523b49e0d62,uuid:a3837bc4-63be-4f0d-9ad3-1523b49e0d62/intro_bird/bird_ipa[2]
h_cendre,6,uuid:a3837bc4-63be-4f0d-9ad3-1523b49e0d62,uuid:a3837bc4-63be-4f0d-9ad3-1523b49e0d62/intro_bird/bird_ipa[3]
g_huppe,12,uuid:a3837bc4-63be-4f0d-9ad3-1523b49e0d62,uuid:a3837bc4-63be-4f0d-9ad3-1523b49e0d62/intro_bird/bird_ipa[4]
cormo,5,uuid:a3837bc4-63be-4f0d-9ad3-1523b49e0d62,uuid:a3837bc4-63be-4f0d-9ad3-1523b49e0d62/intro_bird/bird_ipa[5]
"",,uuid:a3837bc4-63be-4f0d-9ad3-1523b49e0d62,uuid:a3837bc4-63be-4f0d-9ad3-1523b49e0d62/intro_bird/bird_ipa[6]
h_cendre,2,uuid:27073a7f-8f84-4525-a251-ee92c8903db0,uuid:27073a7f-8f84-4525-a251-ee92c8903db0/intro_bird/bird_ipa[1]
h_cendre,3,uuid:bd43869c-40e5-4294-8893-f4949e3a82de,uuid:bd43869c-40e5-4294-8893-f4949e3a82de/intro_bird/bird_ipa[1]
g_aigrette,1,uuid:bd43869c-40e5-4294-8893-f4949e3a82de,uuid:bd43869c-40e5-4294-8893-f4949e3a82de/intro_bird/bird_ipa[2]
c_tuber,2,uuid:bd43869c-40e5-4294-8893-f4949e3a82de,uuid:bd43869c-40e5-4294-8893-f4949e3a82de/intro_bird/bird_ipa[3]
"",,uuid:bd43869c-40e5-4294-8893-f4949e3a82de,uuid:bd43869c-40e5-4294-8893-f4949e3a82de/intro_bird/bird_ipa[4]
h_cendre,2,uuid:fdb8f4a5-8b03-4995-89db-764b2d54785e,uuid:fdb8f4a5-8b03-4995-89db-764b2d54785e/intro_bird/bird_ipa[1]
cormo,14,uuid:fdb8f4a5-8b03-4995-89db-764b2d54785e,uuid:fdb8f4a5-8b03-4995-89db-764b2d54785e/intro_bird/bird_ipa[2]
c_tuber,9,uuid:fdb8f4a5-8b03-4995-89db-764b2d54785e,uuid:fdb8f4a5-8b03-4995-89db-764b2d54785e/intro_bird/bird_ipa[3]
g_aigrette,13,uuid:d499aa64-4592-4697-9031-3f1f5e97f641,uuid:d499aa64-4592-4697-9031-3f1f5e97f641/intro_bird/bird_ipa[1]
m_rieuse,1850,uuid:d499aa64-4592-4697-9031-3f1f5e97f641,uuid:d499aa64-4592-4697-9031-3f1f5e97f641/intro_bird/bird_ipa[2]
h_cendre,8,uuid:d499aa64-4592-4697-9031-3f1f5e97f641,uuid:d499aa64-4592-4697-9031-3f1f5e97f641/intro_bird/bird_ipa[3]
cormo,2,uuid:d499aa64-4592-4697-9031-3f1f5e97f641,uuid:d499aa64-4592-4697-9031-3f1f5e97f641/intro_bird/bird_ipa[4]
g_huppe,1,uuid:d499aa64-4592-4697-9031-3f1f5e97f641,uuid:d499aa64-4592-4697-9031-3f1f5e97f641/intro_bird/bird_ipa[5]
h_cendre,1,uuid:ee265f01-9d48-40c5-bd92-1b9303552c47,uuid:ee265f01-9d48-40c5-bd92-1b9303552c47/intro_bird/bird_ipa[1]
g_aigrette,1,uuid:ee265f01-9d48-40c5-bd92-1b9303552c47,uuid:ee265f01-9d48-40c5-bd92-1b9303552c47/intro_bird/bird_ipa[2]
cormo,3,uuid:ee265f01-9d48-40c5-bd92-1b9303552c47,uuid:ee265f01-9d48-40c5-bd92-1b9303552c47/intro_bird/bird_ipa[3]
c_tuber,19,uuid:ee265f01-9d48-40c5-bd92-1b9303552c47,uuid:ee265f01-9d48-40c5-bd92-1b9303552c47/intro_bird/bird_ipa[4]
g_casta,1,uuid:dcf302a6-659b-48b4-82f0-ab6ff3c26a57,uuid:dcf302a6-659b-48b4-82f0-ab6ff3c26a57/intro_bird/bird_ipa[1]
h_cendre,1,uuid:dcf302a6-659b-48b4-82f0-ab6ff3c26a57,uuid:dcf302a6-659b-48b4-82f0-ab6ff3c26a57/intro_bird/bird_ipa[2]
g_aigrette,1,uuid:dcf302a6-659b-48b4-82f0-ab6ff3c26a57,uuid:dcf302a6-659b-48b4-82f0-ab6ff3c26a57/intro_bird/bird_ipa[3]
c_tuber,2,uuid:dcf302a6-659b-48b4-82f0-ab6ff3c26a57,uuid:dcf302a6-659b-48b4-82f0-ab6ff3c26a57/intro_bird/bird_ipa[4]
h_cendre,1,uuid:d3525b93-4549-4a6b-9b89-672c369ed954,uuid:d3525b93-4549-4a6b-9b89-672c369ed954/intro_bird/bird_ipa[1]
h_cendre,1,uuid:545eac0a-28fd-477b-a5c1-7c17c3d8c1e7,uuid:545eac0a-28fd-477b-a5c1-7c17c3d8c1e7/intro_bird/bird_ipa[1]
h_cendre,1,uuid:0ebf73c7-471e-4a48-ab18-f63c3c970f3d,uuid:0ebf73c7-471e-4a48-ab18-f63c3c970f3d/intro_bird/bird_ipa[1]
g_huppe,93,uuid:327e14b2-5c89-4fd3-a4d4-fb1fa3beb7cf,uuid:327e14b2-5c89-4fd3-a4d4-fb1fa3beb7cf/intro_bird/bird_ipa[1]
g_casta,15,uuid:327e14b2-5c89-4fd3-a4d4-fb1fa3beb7cf,uuid:327e14b2-5c89-4fd3-a4d4-fb1fa3beb7cf/intro_bird/bird_ipa[2]
m_rieuse,14,uuid:327e14b2-5c89-4fd3-a4d4-fb1fa3beb7cf,uuid:327e14b2-5c89-4fd3-a4d4-fb1fa3beb7cf/intro_bird/bird_ipa[3]
cormo,9,uuid:327e14b2-5c89-4fd3-a4d4-fb1fa3beb7cf,uuid:327e14b2-5c89-4fd3-a4d4-fb1fa3beb7cf/intro_bird/bird_ipa[4]
g_aigrette,5,uuid:327e14b2-5c89-4fd3-a4d4-fb1fa3beb7cf,uuid:327e14b2-5c89-4fd3-a4d4-fb1fa3beb7cf/intro_bird/bird_ipa[5]
h_cendre,4,uuid:327e14b2-5c89-4fd3-a4d4-fb1fa3beb7cf,uuid:327e14b2-5c89-4fd3-a4d4-fb1fa3beb7cf/intro_bird/bird_ipa[6]
c_tuber,3,uuid:327e14b2-5c89-4fd3-a4d4-fb1fa3beb7cf,uuid:327e14b2-5c89-4fd3-a4d4-fb1fa3beb7cf/intro_bird/bird_ipa[7]
g_aigrette,12,uuid:e87aa0b8-da2e-482c-860b-fc6109f35883,uuid:e87aa0b8-da2e-482c-860b-fc6109f35883/intro_bird/bird_ipa[1]
